goodURI,badURI,,title,num,images
https://slavesocieties.org/essss/276154,https://slavesocieties.org/EAP255/cda/001,1,NPCA - Libros de Escrituras - 1901,766,766
https://slavesocieties.org/essss/283371,https://slavesocieties.org/EAP255/cda/002,2,NPCA - Libros de Escrituras - 1906,278,278
https://slavesocieties.org/essss/283650,https://slavesocieties.org/EAP255/cda/003,3,NPCA - Libros de Escrituras - 1918,280,280
https://slavesocieties.org/essss/293210,https://slavesocieties.org/EAP255/cda/004,4,NPCA - Libros de Escrituras - 1919,517,517
https://slavesocieties.org/essss/291914,https://slavesocieties.org/EAP255/cda/005,5,NPCA - Libros de Escrituras - 1922,343,335
https://slavesocieties.org/essss/293728,https://slavesocieties.org/EAP255/cda/006,6,NPCA - Libros de Escrituras - 1923,441,441
https://slavesocieties.org/essss/294902,https://slavesocieties.org/EAP255/cda/007,7,NPCA - Libros de Escrituras - 1924,457,457
https://slavesocieties.org/essss/294427,https://slavesocieties.org/EAP255/cda/008,8,NPCA - Libro de Escrituras - 1925,474,474
https://slavesocieties.org/essss/294170,https://slavesocieties.org/EAP255/cda/009,294170,NPCA - Libro de Escrituras - 1929,,
https://slavesocieties.org/essss/295455,https://slavesocieties.org/EAP255/cda/010,295455,NPCA - Libro de Escrituras - 1932,,
https://slavesocieties.org/essss/301634,https://slavesocieties.org/EAP255/cda/011,301634,NPCA - Libro de Escrituras - 1936,,
https://slavesocieties.org/essss/299220,https://slavesocieties.org/EAP255/cda/012,299220,NPCA - Libro de Escrituras - 1940,,
https://slavesocieties.org/essss/418861,https://slavesocieties.org/EAP503/iscdl/001,1,No. 2 Lorica. LIBRO DE BAUTISMOS. 1874-1883,462,462
https://slavesocieties.org/essss/419526,https://slavesocieties.org/EAP503/iscdl/002,2,No. 3 Lorica Bautismos 1883-1885,255,255
https://slavesocieties.org/essss/419324,https://slavesocieties.org/EAP503/iscdl/003,3,No. 4 Lorica. Libro de Bautismos. 1885-1886,201,201
https://slavesocieties.org/essss/420048,https://slavesocieties.org/EAP503/iscdl/004,4,No. 5 Lorica Bautismos 1889-1890,185,185
https://slavesocieties.org/essss/419782,https://slavesocieties.org/EAP503/iscdl/005,5,No. 7 Lorica Bautismos 1886-1897,265,265
https://slavesocieties.org/essss/420550,https://slavesocieties.org/EAP503/iscdl/006,6,No. 8 Lorica Bautismos 1897-1899,359,359
https://slavesocieties.org/essss/420234,https://slavesocieties.org/EAP503/iscdl/007,7,No. 9 Lorica Bautismos 1899-1901,315,315
https://slavesocieties.org/essss/420910,https://slavesocieties.org/EAP503/iscdl/008,8,PARROQUIA SANTA CRUZ. Lorica - Cordoba. MATRIMONIOS No. 1. 1861-1890,287,287
https://slavesocieties.org/essss/421428,https://slavesocieties.org/EAP503/iscdl/009,9,PARROQUIA SANTA CRUZ. Lorica - Cordoba. MATRIMONIOS No. 2. 1890-1911,409,409
https://slavesocieties.org/essss/421198,https://slavesocieties.org/EAP503/iscdl/010,10,LIBRO DE DEFUNCIONES,299,229
https://slavesocieties.org/essss/422360,https://slavesocieties.org/EAP503/iscdl/011,11,LIBRO DE INFORMACIONES DE LORICA DEL AÑO 1860,295,295
https://slavesocieties.org/essss/422656,https://slavesocieties.org/EAP503/iscdl/012,12,LORICA LIBRO DE INFORMACIONES 1888,195,195
https://slavesocieties.org/essss/422852,https://slavesocieties.org/EAP503/iscdl/013,13,LIBRO DE INFORMACIONES N 3,349,349
https://slavesocieties.org/essss/421838,https://slavesocieties.org/EAP503/iscdl/014,14,INFORMACIONES DESDE EL AÑO DE 1899 HASTA EL DE 1907,521,521
https://slavesocieties.org/essss/423202,https://slavesocieties.org/EAP503/npdr/001,1,NOTARIA UNICA - RIOHACHA PROTOCOLO,941,941
https://slavesocieties.org/essss/424588,https://slavesocieties.org/EAP503/npdr/002,2,NOTARIA DE RIOHACHA - PROTOCOLO 1833. UNICO,233,233
https://slavesocieties.org/essss/424822,https://slavesocieties.org/EAP503/npdr/003,3,NOTARIA DE RIOHACHA - PROTOCOLO 1835-37 TOMO UNICO,1.193,1218
https://slavesocieties.org/essss/424144,https://slavesocieties.org/EAP503/npdr/004,4,NOTARIA DE RIOHACHA - PROTOCOLO 1838. T. UNICO,441,443
https://slavesocieties.org/essss/426041,https://slavesocieties.org/EAP503/npdr/005,5,NOTARIA DE RIOHACHA - PROTOCOLO 1840. TOMO UNICO,831,837
https://slavesocieties.org/essss/426879,https://slavesocieties.org/EAP503/npdr/006,6,NOTARIA DE RIOHACHA - PROTOCOLO 1842-1843. TOMO UNICO,1.109,1109
https://slavesocieties.org/essss/427989,https://slavesocieties.org/EAP503/npdr/007,7,NOTARIA DE RIOHACHA - PROTOCOLO 1844. TOMO UNICO,595,595
https://slavesocieties.org/essss/428585,https://slavesocieties.org/EAP503/npdr/008,8,NOTARIA DE RIOHACHA - PROTOCOLO 1845. TOMO UNICO,791,797
https://slavesocieties.org/essss/429383,https://slavesocieties.org/EAP503/npdr/009,9,NOTARIA DE RIOHACHA - PROTOCOLO 1847-1848. TOMO UNICO,1.203,1206
https://slavesocieties.org/essss/430590,https://slavesocieties.org/EAP503/npdr/010,10,NOTARIA DE RIOHACHA - PROTOCOLO 1849. TOMO UNICO,659,734
https://slavesocieties.org/essss/431325,https://slavesocieties.org/EAP503/npdr/011,11,NOTARIA DE RIOHACHA - PROTOCOLO 1850-51. TOMO UNICO,855,855
https://slavesocieties.org/essss/433969,https://slavesocieties.org/EAP503/npdr/012,12,(No title),1.059,1059
https://slavesocieties.org/essss/433119,https://slavesocieties.org/EAP503/npdr/013,13,NOTARIA DE RIOHACHA - PROTOCOLO 1855. TOMO UNICO,849,849
https://slavesocieties.org/essss/432181,https://slavesocieties.org/EAP503/npdr/014,14,NOTARIA DE RIOHACHA - PROTOCOLO 1857. TOMO UNICO,937,937
https://slavesocieties.org/essss/435771,https://slavesocieties.org/EAP503/npdr/015,15,NOTARIA DE RIOHACHA - PROTOCOLO 1858. TOMO UNICO,765,765
https://slavesocieties.org/essss/436537,https://slavesocieties.org/EAP503/npdr/016,16,NOTARIA DE RIOHACHA - PROTOCOLO 1859. T. UNICO,643,643
https://slavesocieties.org/essss/437181,https://slavesocieties.org/EAP503/npdr/017,17,NOTARIA DE RIOHACHA - PROTOCOLO 1860. UNICO,294,294
https://slavesocieties.org/essss/450457,https://slavesocieties.org/EAP503/npdr/018,18,NOTARIA PRIMERA DE RIOHACHA - PROTOCOLO 1862-64. TOMO UNICO,1.027,1027
https://slavesocieties.org/essss/442549,https://slavesocieties.org/EAP503/npdr/019,19,NOTARIA PRIMERA DE RIOHACHA - PROTOCOLO 1865-67,953,962
https://slavesocieties.org/essss/441485,https://slavesocieties.org/EAP503/npdr/020,20,NOTARIA PRIMERA DE RIOHACHA - PROTOCOLO 1868-69,1.063,1063
https://slavesocieties.org/essss/445126,https://slavesocieties.org/EAP503/npdr/021,21,NOTARIA PRIMERA DE RIOHACHA - PROTOCOLO 1870-71,1121,1121
https://slavesocieties.org/essss/444140,https://slavesocieties.org/EAP503/npdr/022,22,NOTARIA PRIMERA DE RIOHACHA - PROTOCOLO 1872-73,985,985
https://slavesocieties.org/essss/443512,https://slavesocieties.org/EAP503/npdr/023,23,NOTARIA DE RIOHACHA - PROTOCOLO 1874-75. TOMO UNICO,627,627
https://slavesocieties.org/essss/446252,https://slavesocieties.org/EAP503/npdr/024,24,NOTARIA DE RIOHACHA - PROTOCOLO 1877. T. UNICO,415,415
https://slavesocieties.org/essss/446668,https://slavesocieties.org/EAP503/npdr/025,25,NOTARIA DE RIOHACHA - PROTOCOLO 1878. TOMO UNICO,693,693
https://slavesocieties.org/essss/448768,https://slavesocieties.org/EAP503/npdr/026,26,NOTARIA DE RIOHACHA - PROTOCOLO 1879. TOMO UNICO,603,603
https://slavesocieties.org/essss/449372,https://slavesocieties.org/EAP503/npdr/027,27,NOTARIA DE RIOHACHA - PROTOCOLO 1880. TOMO UNICO,731,731
https://slavesocieties.org/essss/447966,https://slavesocieties.org/EAP503/npdr/028,28,NOTARIA DE RIOHACHA - PROTOCOLO 1881. TOMO UNICO,801,801
https://slavesocieties.org/essss/450104,https://slavesocieties.org/EAP503/npdr/029,29,NOTARIA DE RIOHACHA - PROTOCOLO 1882. TOMO UNICO,823,823
https://slavesocieties.org/essss/455824,https://slavesocieties.org/EAP503/npdr/030,30,NOTARIA DE RIOHACHA - PROTOCOLO 1883. TOMO UNICO,577,577
https://slavesocieties.org/essss/456402,https://slavesocieties.org/EAP503/npdr/031,31,NOTARIA DE RIOHACHA - PROTOCOLO 1884. TOMO UNICO,1.053,1053
https://slavesocieties.org/essss/458054,https://slavesocieties.org/EAP503/npdr/032,32,NOTARIA DE RIOHACHA - PROTOCOLO 1886-87. TOMO UNICO,1.154,1154
https://slavesocieties.org/essss/457456,https://slavesocieties.org/EAP503/npdr/033,33,NOTARIA DE RIOHACHA - PROTOCOLO 1888. TOMO UNICO,597,597
https://slavesocieties.org/essss/459209,https://slavesocieties.org/EAP503/npdr/034,34,NOTARIA DE RIOHACHA - PROTOCOLO 1889. TOMO UNICO,1.085,1085
https://slavesocieties.org/essss/460973,https://slavesocieties.org/EAP503/npdr/035,35,NOTARIA DE RIOHACHA - PROTOCOLO 1890. TOMO UNICO,967,967
https://slavesocieties.org/essss/460295,https://slavesocieties.org/EAP503/npdr/036,36,NOTARIA DE RIOHACHA - PROTOCOLO 1891. TOMO UNICO,677,677
https://slavesocieties.org/essss/461941,https://slavesocieties.org/EAP503/npdr/037,37,NOTARIA DE RIOHACHA - PROTOCOLO 1892. TOMO UNICO,237,273
https://slavesocieties.org/essss/462215,https://slavesocieties.org/EAP503/npdr/038,38,NOTARIA DE RIOHACHA - PROTOCOLO 1893. T. UNICO,339,339
https://slavesocieties.org/essss/463101,https://slavesocieties.org/EAP503/npdr/039,39,NOTARIA DE RIOHACHA - PROTOCOLO 1896. TOMO UNICO,890,890
https://slavesocieties.org/essss/462555,https://slavesocieties.org/EAP503/npdr/040,40,NOTARIA DE RIOHACHA - PROTOCOLO 1898. TOMO UNICO,545,545
https://slavesocieties.org/essss/463992,https://slavesocieties.org/EAP503/npdr/041,41,NOTARIA DE RIOHACHA - PROTOCOLO 1899. TOMO UNICO,747,747
https://slavesocieties.org/essss/464740,https://slavesocieties.org/EAP503/npdr/042,42,NOTARIA UNICA DE RIOHACHA - PROTOCOLO HISTORICO. VARIOS,917,917
https://slavesocieties.org/essss/466662,https://slavesocieties.org/EAP503/npdr/043,43,NOTARIA UNICA DE RIOHACHA - PROTOCOLO HISTORICO. VARIOS,925,925
https://slavesocieties.org/essss/465658,https://slavesocieties.org/EAP503/npdr/044,44,NOTARIA UNICA DE RIOHACHA - PROTOCOLO HISTORICO. VARIOS,1.003,1003
https://slavesocieties.org/essss/539575,https://slavesocieties.org/EAP503/nudl/015,15,"NUL, 1883 - 1921",301,301
https://slavesocieties.org/essss/539321,https://slavesocieties.org/EAP503/nudl/016,16,"NUL, 1854 - 1920",253,253
https://slavesocieties.org/essss/539129,https://slavesocieties.org/EAP503/nudl/017,17,"NUL, 1883 - 1920",191,191
https://slavesocieties.org/essss/540651,https://slavesocieties.org/EAP503/nudl/018,18,"NUL, 1885 - 1921",327,327
https://slavesocieties.org/essss/540211,https://slavesocieties.org/EAP503/nudl/019,19,"NUL, 1898 - 1925",439,439
https://slavesocieties.org/essss/539877,https://slavesocieties.org/EAP503/nudl/020,20,"NUL, 1881 - 1921",333,333
https://slavesocieties.org/essss/417066,https://slavesocieties.org/EAP627/ahdp/001,1,Land Grants 1704-1722 / Sesmarias 1704-1722,320,320
https://slavesocieties.org/essss/315492,https://slavesocieties.org/EAP627/ahdp/002,2,Plots of Land - 1714-1717 / Land grants (sesmarias) - 1714-1717,406,406
https://slavesocieties.org/essss/317877,https://slavesocieties.org/EAP627/ahdp/003,3,Plots of Land 1722-1727 / Land Grants (sesmarias) 1722-1727,400,400
https://slavesocieties.org/essss/315081,https://slavesocieties.org/EAP627/ahdp/004,4,"Land Grants (sesmarias), 1728 -1738",410,410
https://slavesocieties.org/essss/316562,https://slavesocieties.org/EAP627/ahdp/005,5,"Land Grants (sesmarias), 1742 - 1746",462,462
https://slavesocieties.org/essss/317490,https://slavesocieties.org/EAP627/ahdp/006,6,"Land Grants (sesmarias), 1747 - 1755",386,386
https://slavesocieties.org/essss/417387,https://slavesocieties.org/EAP627/ahdp/007,7,"Land Grants (sesmarias)/ Land Registers, 1757 - 1764",592,592
https://slavesocieties.org/essss/317025,https://slavesocieties.org/EAP627/ahdp/008,8,"Land Grant - Various Parishes, 1768 - 1776",406,464
https://slavesocieties.org/essss/417980,https://slavesocieties.org/EAP627/ahdp/009,9,"Land Grants (sesmarias), 1785 -1787",376,476
https://slavesocieties.org/essss/319569,https://slavesocieties.org/EAP627/ahdp/010,10,"Land Grants (sesmarias), 1789 - 1808",662,662
https://slavesocieties.org/essss/321676,https://slavesocieties.org/EAP627/ahdp/011,11,"Land Grants (sesmarias), 1816 - 1824",378,378
https://slavesocieties.org/essss/322336,https://slavesocieties.org/EAP627/ahdp/012,12,"Land Titles from the Parish of Nossa Senhora da Guia da Vila de Patos, 1855 - 1856",304,304
https://slavesocieties.org/essss/322641,https://slavesocieties.org/EAP627/ahdp/013,322641,"Land Titles from the Parish of Nossa Senhora das Neves, 1854 - 1861",,
https://slavesocieties.org/essss/321287,https://slavesocieties.org/EAP627/ahdp/014,14,"Land Titles from the Parish of Nossa Senhora dos Remédios da Vila de Sousa, 1854 - 1856",388,388
https://slavesocieties.org/essss/322055,https://slavesocieties.org/EAP627/ahdp/015,15,"Land Titles from the Parish of Sousa, 1859",280,280
https://slavesocieties.org/essss/323502,https://slavesocieties.org/EAP627/ahdp/016,16,"Land Titles from the Parish of Cidade de Sousa, 1856",324,324
https://slavesocieties.org/essss/322854,https://slavesocieties.org/EAP627/ahdp/017,17,"Land Titles from the Parish of Cabaceiras, 1855 - 1862",384,384
https://slavesocieties.org/essss/323239,https://slavesocieties.org/EAP627/ahdp/018,323239,"Land Titles from the Parish of Independência, 1856 -1865",,
https://slavesocieties.org/essss/324182,https://slavesocieties.org/EAP627/ahdp/019,19,"Land Titles from the Parish of Nossa Senhora das Mercês da Vila de Cuité, 1855 - 1856",388,388
https://slavesocieties.org/essss/323827,https://slavesocieties.org/EAP627/ahdp/020,20,"Land Titles from Cuité, 1856",356,354
https://slavesocieties.org/essss/328172,https://slavesocieties.org/EAP627/ahdp/021,21,Royal Orders (1797 – 1805),652,652
https://slavesocieties.org/essss/329112,https://slavesocieties.org/EAP627/ahdp/022,22,"Register of Orders from the Office of the State Secretary of the Treasury (Secretaria de Estado dos Negócios da Fazenda), 1826-1856",384,384
https://slavesocieties.org/essss/328825,https://slavesocieties.org/EAP627/ahdp/023,23,"Notices from the State Secretary for War Affairs (Secretaria de Estado dos Negócios da Guerra), 1842-1848",286,286
https://slavesocieties.org/essss/330325,https://slavesocieties.org/EAP627/ahdp/024,24,"Rak letters (""cartas patentes"") of military Personnel issued by Captain Generals in Pernambuco and Paraíba, 1776-1783",326,326
https://slavesocieties.org/essss/329928,https://slavesocieties.org/EAP627/ahdp/025,25,"Rak letters (""cartas patentes""), 1823-1827",396,396
https://slavesocieties.org/essss/330652,https://slavesocieties.org/EAP627/ahdp/026,26,"Rank Letters (""cartas patentes"") and Discharge Papers (""cartas de reformados""), 1847-1855",28,28
https://slavesocieties.org/essss/332148,https://slavesocieties.org/EAP627/ahdp/027,27,"Rank Letters of National Guard Officials, 1844-1847",298,298
https://slavesocieties.org/essss/331631,https://slavesocieties.org/EAP627/ahdp/028,28,"Rank Letters of the National Guard issued by the President of the Province, 1858-1865",516,516
https://slavesocieties.org/essss/330681,https://slavesocieties.org/EAP627/ahdp/029,29,"Correspondence of the Provincial Junta, 1821",544,544
https://slavesocieties.org/essss/331226,https://slavesocieties.org/EAP627/ahdp/030,30,"Minutes of the Provisory Junta (""junta provisória do governo""), 1823- 1824",404,404
https://slavesocieties.org/essss/335752,https://slavesocieties.org/EAP627/ahdp/031,31,"Correspondence, Secretary of the Provincial Government to the Armed Forces Command, 1825-1830",382,382
https://slavesocieties.org/essss/335343,https://slavesocieties.org/EAP627/ahdp/032,32,"Correspondence by the Secretary of State for War Affairs and by the Supreme Military Council, 1829-1833",408,408
https://slavesocieties.org/essss/336135,https://slavesocieties.org/EAP627/ahdp/033,33,"Correspondence from the Provincial Government to the Imperial Ministry, 1829-1833",408,408
https://slavesocieties.org/essss/334687,https://slavesocieties.org/EAP627/ahdp/034,34,"Secretary of Government: correspondence of the Provincial Government of Paraíba with the Ministry and Secretary of Navy Affairs, (""Ministério e Secretaria dos Negócios da Marinha""), 1829-1849",332,332
https://slavesocieties.org/essss/335020,https://slavesocieties.org/EAP627/ahdp/035,35,"Correspondence from the Provincial Government to the State Secretary for Foreign Affairs, 1829 – 1865",322,322
https://slavesocieties.org/essss/337191,https://slavesocieties.org/EAP627/ahdp/036,36,"Correspondence from Paraíba's Secretary of Government to the Public Treasury, 1831-1834",398,398
https://slavesocieties.org/essss/337590,https://slavesocieties.org/EAP627/ahdp/037,37,"Correspondence from the Provincial Government to Provincial Peace Judges, 1835-1844",290,290
https://slavesocieties.org/essss/338170,https://slavesocieties.org/EAP627/ahdp/038,38,"Correspondence from the Provincial Government to several Municipal Chambers, Municipal Judges (Civil, Municipal, and Orphans Judges), and Public Prosecutors, 1835-1845",62,62
https://slavesocieties.org/essss/338233,https://slavesocieties.org/EAP627/ahdp/039,39,"Correspondence from the Provincial Presidency to other Provincial Governments (different Provinces), 1840",272,272
https://slavesocieties.org/essss/337881,https://slavesocieties.org/EAP627/ahdp/040,337881,"Correspondence from Paraíba's government to Chiefs of Police, Deputies (delegados), Assistant Deputies (subdelegados), and Substitue Deputies, 1842-1845",,
https://slavesocieties.org/essss/339976,https://slavesocieties.org/EAP627/ahdp/041,41,"Correspondence between the Provincial Government and the Chief of Police, Deputies (delegados) and Assistant Deputies (subdelegados), 1845",300,300
https://slavesocieties.org/essss/338983,https://slavesocieties.org/EAP627/ahdp/042,42,"Correspondence between the Provincial Government and the Chief of Police, Deputies (delegados) and Assistant Deputies (subdelegados), 1845-1847",298,298
https://slavesocieties.org/essss/339282,https://slavesocieties.org/EAP627/ahdp/043,43,"Office of the Government: correspondence from the provincial government with authorities from other provincies, 1847-1850",308,308
https://slavesocieties.org/essss/339591,https://slavesocieties.org/EAP627/ahdp/044,44,"Office of the Government: Dispatches by the Provincial Presidency, 1856-1858",384,384
https://slavesocieties.org/essss/338506,https://slavesocieties.org/EAP627/ahdp/045,45,"Official Correspondencde of the Provincial Presidency with the Police Corps, 1859",476,476
https://slavesocieties.org/essss/341390,https://slavesocieties.org/EAP627/ahdp/046,46,"Correspondence between the Provincial Government and Port Authorities, 1859",482,482
https://slavesocieties.org/essss/341873,https://slavesocieties.org/EAP627/ahdp/047,47,"Confidential Correspondence from the Provincial Presidency with Provincial Authorities and Individuals, 1859-1865",482,482
https://slavesocieties.org/essss/340283,https://slavesocieties.org/EAP627/ahdp/048,48,"Confidential Correspondence from the Provincial Presidency with Authorities and Individuals from other Provinces, 1859-1864",472,472
https://slavesocieties.org/essss/340756,https://slavesocieties.org/EAP627/ahdp/049,49,"Ordinances issued by the Provincial Presidency, 1860",376,376
https://slavesocieties.org/essss/341133,https://slavesocieties.org/EAP627/ahdp/050,50,"Correspondence with the Director of Public Instruction, 1860",256,256
https://slavesocieties.org/essss/343309,https://slavesocieties.org/EAP627/ahdp/051,51,"Government: Letters to the Judiciary, 1860-1862",380,380
https://slavesocieties.org/essss/343206,https://slavesocieties.org/EAP627/ahdp/052,52,"Correspondence between the Provincial Government and the National Guard's Command, 1860-1861",102,102
https://slavesocieties.org/essss/344538,https://slavesocieties.org/EAP627/ahdp/053,53,"Government Ordinances, 1862-1864",292,292
https://slavesocieties.org/essss/343690,https://slavesocieties.org/EAP627/ahdp/054,54,"Correspondence between the Provincial Government and Municipal Assemblies (""Câmaras Municipais ""), 1863-1867",374,374
https://slavesocieties.org/essss/344065,https://slavesocieties.org/EAP627/ahdp/055,55,"Provincial Government of Paraíba: letters to police authorities, 1864",472,472
https://slavesocieties.org/essss/346650,https://slavesocieties.org/EAP627/ahdp/056,56,"Correspondence between the Provincial Presidency with Municipal Judges and Public Prosecutors, 1866-1870",400,400
https://slavesocieties.org/essss/345892,https://slavesocieties.org/EAP627/ahdp/057,57,"Correspondence between the Provincial Presidencya and the National Guard, 1869-1877",408,408
https://slavesocieties.org/essss/347051,https://slavesocieties.org/EAP627/ahdp/058,58,"Governmental Correspondence, January-June, 1880",254,254
https://slavesocieties.org/essss/346301,https://slavesocieties.org/EAP627/ahdp/059,59,"Governmental Correspondence, June-December, 1880",348,348
https://slavesocieties.org/essss/347306,https://slavesocieties.org/EAP627/ahdp/060,60,"Correspondence, Dispatches, and Notices, 1880",520,520
https://slavesocieties.org/essss/348635,https://slavesocieties.org/EAP627/ahdp/061,61,"Provincial Government: Correspondence with Magistrates, 1880",274,274
https://slavesocieties.org/essss/349631,https://slavesocieties.org/EAP627/ahdp/062,62,"Correspondence from the Provincial Government to Treasury Inspector, 1880",704,704
https://slavesocieties.org/essss/347827,https://slavesocieties.org/EAP627/ahdp/063,63,"Correspondence with Presidents of different Provinces, 1881",228,228
https://slavesocieties.org/essss/348056,https://slavesocieties.org/EAP627/ahdp/064,64,"Provincial Government: correspondence, January-May, 1881",578,578
https://slavesocieties.org/essss/348910,https://slavesocieties.org/EAP627/ahdp/065,65,"Provincial Government: correspondence, June-December, 1881",720,720
https://slavesocieties.org/essss/356442,https://slavesocieties.org/EAP627/ahdp/066,66,"Provincial Government: correspondence with the Chief of Police, January-December, 1882",486,486
https://slavesocieties.org/essss/356929,https://slavesocieties.org/EAP627/ahdp/067,67,"Ordinances, January-June, 1882",538,538
https://slavesocieties.org/essss/355678,https://slavesocieties.org/EAP627/ahdp/068,68,"Correspondence between the President of the Province and Police Officials, 1882",344,344
https://slavesocieties.org/essss/357468,https://slavesocieties.org/EAP627/ahdp/069,69,"Correspondence between the President of the Province and Police Officials, 1883",454,454
https://slavesocieties.org/essss/356023,https://slavesocieties.org/EAP627/ahdp/070,70,"Provincial Government: Ordinances, 1885",418,418
https://slavesocieties.org/essss/393547,https://slavesocieties.org/EAP627/ahdp/071,71,"Provincial Government: Correspondence with Director of Public Instruction, 1885",218,218
https://slavesocieties.org/essss/363707,https://slavesocieties.org/EAP627/ahdp/072,72,"Provincial Government: Correspondence with the Chief of Police, 1885",452,452
https://slavesocieties.org/essss/393766,https://slavesocieties.org/EAP627/ahdp/073,73,"Correspondence between the Provincial Presidency and Magistrates, 1886",898,898
https://slavesocieties.org/essss/366168,https://slavesocieties.org/EAP627/ahdp/074,74,"Provincial Government: Correspondence with Inspector and Treasury Official, 1887",436,437
https://slavesocieties.org/essss/394665,https://slavesocieties.org/EAP627/ahdp/075,75,"Provincial Government: Correspondence with Inspector and Treasury Official, January-June, 1887",622,622
https://slavesocieties.org/essss/365775,https://slavesocieties.org/EAP627/ahdp/076,76,"Provincial Government: Ordinances and Letters, July-December, 1887",392,392
https://slavesocieties.org/essss/368377,https://slavesocieties.org/EAP627/ahdp/077,77,"Provincial Government: Correspondence with the Chief of Police, January-december, 1887",676,676
https://slavesocieties.org/essss/367866,https://slavesocieties.org/EAP627/ahdp/078,78,"Provincial Government: Ordinances and Letters, 1887",512,510
https://slavesocieties.org/essss/395879,https://slavesocieties.org/EAP627/ahdp/079,79,"Provincial Government: Correspondence with Harbormaster, January-December, 1888",590,590
https://slavesocieties.org/essss/397639,https://slavesocieties.org/EAP627/ahdp/080,80,"Letters from the Provincial Presidencey to the Court of Justice (Tribunal de Justiça), 1888",582,582
https://slavesocieties.org/essss/398222,https://slavesocieties.org/EAP627/ahdp/081,81,"Provincial Government: Correspondence, May-July, 1889",502,502
https://slavesocieties.org/essss/398725,https://slavesocieties.org/EAP627/ahdp/082,82,"Provincial Government: Correspondence, July, 1889",640,640
https://slavesocieties.org/essss/372009,https://slavesocieties.org/EAP627/ahdp/083,83,"Correspondence from the Provincial Presidency to Harbormaster, Chief of Police, and Presidents of other Provinces, 1889",502,502
https://slavesocieties.org/essss/399677,https://slavesocieties.org/EAP627/ahdp/084,84,"Office of the Mayor of the First Parish: orders and letters to provincial authorities, 1837-1838",406,406
https://slavesocieties.org/essss/399366,https://slavesocieties.org/EAP627/ahdp/085,85,"Secretary of Police: register of passports, 1842-1845",310,310
https://slavesocieties.org/essss/400105,https://slavesocieties.org/EAP627/ahdp/086,86,"Secretary of Police: Correspondence with provincial authorities, 1844-1846",288,288
https://slavesocieties.org/essss/400084,https://slavesocieties.org/EAP627/ahdp/087,87,"Correspondence, Chief of Police and Provincial Presidency, 1845",20,20
https://slavesocieties.org/essss/378675,https://slavesocieties.org/EAP627/ahdp/088,88,"Secretary of Police: Correspondence with Police Authorities, 1851",392,392
https://slavesocieties.org/essss/379330,https://slavesocieties.org/EAP627/ahdp/089,89,"Secretary of Police: Correspondence with Police Authorities, 1854-1855",404,404
https://slavesocieties.org/essss/379735,https://slavesocieties.org/EAP627/ahdp/090,90,"Secretary of Police: Correspondence, 1855",388,388
https://slavesocieties.org/essss/383474,https://slavesocieties.org/EAP627/ahdp/091,91,"Secretary of Police:Correspondence with Police Authorities, 1855-1856",384,384
https://slavesocieties.org/essss/383859,https://slavesocieties.org/EAP627/ahdp/092,92,"Secretary of Police: Correspondence with Provincial Presidency, 1856-1857",386,386
https://slavesocieties.org/essss/391836,https://slavesocieties.org/EAP627/ahdp/093,93,"Secretary of Police: Correspondence with Deputies (""delegados"") and Assistant Deputies (""subdelegados""), 1857-1858",390,390
https://slavesocieties.org/essss/385249,https://slavesocieties.org/EAP627/ahdp/094,94,"Secretary of Police: Letters to the Provincial Presidency, 1860",488,488
https://slavesocieties.org/essss/400394,https://slavesocieties.org/EAP627/ahdp/095,95,"Secretary of Police: Letters to the Provincial Presidency, 1860-1861",476,476
https://slavesocieties.org/essss/418580,https://slavesocieties.org/EAP627/ahdp/096,96,"Chief of Police: Ordinances and Letters to Prison Officer, 1860-1863 :",280,280
https://slavesocieties.org/essss/405122,https://slavesocieties.org/EAP627/ahdp/097,405122,"Chief of Police: Letters to Deputies (""delegados"") and Assistant Deputies (""subdelegados""), 1861-1862",,
https://slavesocieties.org/essss/404837,https://slavesocieties.org/EAP627/ahdp/098,98,"Secretary of Police: ordinances to Prison Officer in the Capital, 1863-1868",284,284
https://slavesocieties.org/essss/401124,https://slavesocieties.org/EAP627/ahdp/099,99,"Chief of Police: Correspondence with Police Authorities, 1863-1864",598,598
https://slavesocieties.org/essss/407853,https://slavesocieties.org/EAP627/ahdp/100,100,"Secretary of Police: Correspondence with Provincial Presidency, 1870-1871",304,304
https://slavesocieties.org/essss/406765,https://slavesocieties.org/EAP627/ahdp/101,101,"Correspondence of the Public Education Board of Directors, 1864-1865",192,192
https://slavesocieties.org/essss/407558,https://slavesocieties.org/EAP627/ahdp/102,102,"Register of Public School Teachers, 1852-1865",294,294
https://slavesocieties.org/essss/400871,https://slavesocieties.org/EAP627/ahdp/103,103,"Correspondence from the Public Education Board of Directors, 1885-1887",252,252
https://slavesocieties.org/essss/408158,https://slavesocieties.org/EAP627/ahdp/104,104,"Public Education: correspondence, 1886",488,488
https://slavesocieties.org/essss/418357,https://slavesocieties.org/EAP627/ahdp/105,105,"Correspondence from the Public Education Board of Directors, 1888",222,222
https://slavesocieties.org/essss/409298,https://slavesocieties.org/EAP627/ahdp/106,106,"General Council of the Province of Paraíba do Norte: projects of the Provincial Legislative Assembly, 1829-1830",332,332
https://slavesocieties.org/essss/408870,https://slavesocieties.org/EAP627/ahdp/107,107,"Muncipal Council (Câmara) Treasury Records, 1847-1853",284,284
https://slavesocieties.org/essss/409155,https://slavesocieties.org/EAP627/ahdp/108,108,"Ministry of Justice: Payroll, 1837-1838",142,142
https://slavesocieties.org/essss/409631,https://slavesocieties.org/EAP627/ahdp/109,109,"Correspondence between the Treasury Inspector and Provincial Presidents, 1850-1853",410,410
https://slavesocieties.org/essss/410443,https://slavesocieties.org/EAP627/ahdp/110,110,"Provincial Treasury: balance sheet, 1857 (Third Section of the Provincial Public Treasury)",126,126
https://slavesocieties.org/essss/410042,https://slavesocieties.org/EAP627/ahdp/111,111,"Correspondence of the Provincial Treasury with the Consulate, Tax Agencies, Fiscal Prosecution and Inspection, 1857-1865",400,400
https://slavesocieties.org/essss/410990,https://slavesocieties.org/EAP627/ahdp/112,112,"Ordinances issued by Tax Collectors, 1857 – 1863",384,384
https://slavesocieties.org/essss/410570,https://slavesocieties.org/EAP627/ahdp/113,113,"Provincial Treasury: register of expenses, 1858",126,126
https://slavesocieties.org/essss/410697,https://slavesocieties.org/EAP627/ahdp/114,114,"Provinciaal Public Treasury, Third Section: balance sheet, 1858",292,292
https://slavesocieties.org/essss/412589,https://slavesocieties.org/EAP627/ahdp/115,115,"Provincial Treasury: Employees, 1863-1864",306,306
https://slavesocieties.org/essss/411375,https://slavesocieties.org/EAP627/ahdp/116,116,"Provincial Treasury: Titles and Provisions of Public Employees, 1869-1873",296,296
https://slavesocieties.org/essss/412284,https://slavesocieties.org/EAP627/ahdp/117,117,"Letters of Paraíba's Provincial Treasury, 1866-1868",304,304
https://slavesocieties.org/essss/413318,https://slavesocieties.org/EAP627/ahdp/118,118,"Provincial Treasury Accounts' Office: Expenditure Accounts (Second Section), 1872",410,410
https://slavesocieties.org/essss/413037,https://slavesocieties.org/EAP627/ahdp/119,119,"Paraíba's Provincial Treasury: Inspection Records, 1875",280,280
https://slavesocieties.org/essss/412896,https://slavesocieties.org/EAP627/ahdp/120,120,"Revenue Administration: Letters, 1841",140,140
https://slavesocieties.org/essss/414301,https://slavesocieties.org/EAP627/ahdp/121,121,"Register of Deeds by Tax Collectors and Notaries, 1841-1855",100,100
https://slavesocieties.org/essss/413729,https://slavesocieties.org/EAP627/ahdp/122,413729,"Correspondence between the Revenue Administration Inspectors and the Provincial Presidency, 1844",,
https://slavesocieties.org/essss/414018,https://slavesocieties.org/EAP627/ahdp/123,122,"Appointments for Public Office, 1844",282,282
https://slavesocieties.org/essss/414511,https://slavesocieties.org/EAP627/ahdp/124,123,"Appointments for Public Office, 1850-1857",384,384
https://slavesocieties.org/essss/414896,https://slavesocieties.org/EAP627/ahdp/125,124,"Revenue Administration: urban property tax, 1853",104,104
https://slavesocieties.org/essss/414402,https://slavesocieties.org/EAP627/ahdp/126,125,"Proceedings of Municipal Court Hearings, 1877",108,108
https://slavesocieties.org/essss/415138,https://slavesocieties.org/EAP627/ahdp/127,126,"Correspondence of Magistrates, 1881",636,636
https://slavesocieties.org/essss/415001,https://slavesocieties.org/EAP627/ahdp/128,127,"Appointment of Municipal Judges, 1880-1886",136,136
https://slavesocieties.org/essss/278234,https://slavesocieties.org/EAP627/ihegp/001,1,"Deeds from Parahyba, 1660-65",510,510
https://slavesocieties.org/essss/274033,https://slavesocieties.org/EAP627/ihegp/002,2,"Royal Orders, 1709-1719",752,752
https://slavesocieties.org/essss/280516,https://slavesocieties.org/EAP627/ihegp/003,3,"Royal Orders, 1720-1733",856,856
https://slavesocieties.org/essss/273324,https://slavesocieties.org/EAP627/ihegp/004,4,"Royal Orders, 1733-1744",708,708
https://slavesocieties.org/essss/279454,https://slavesocieties.org/EAP627/ihegp/005,5,"Royal Orders, 1745-1755",492,492
https://slavesocieties.org/essss/279947,https://slavesocieties.org/EAP627/ihegp/006,6,"Royal Orders, 1770-1797",568,568
https://slavesocieties.org/essss/282651,https://slavesocieties.org/EAP627/ihegp/007,7,"Royal Orders and Overseas Council's (Conselho Ultramarino) Provisions, 1798-1821",606,606
https://slavesocieties.org/essss/282046,https://slavesocieties.org/EAP627/ihegp/008,8,"Royal Orders, Secretary of the Navy and Overseas Affairs (Secretaria da Marinha e Negocios Ultramarinos)",604,604
https://slavesocieties.org/essss/283258,https://slavesocieties.org/EAP627/ihegp/009,9,"Correspondence, Navy and Overseas Archive, 1757",112,112
https://slavesocieties.org/essss/281933,https://slavesocieties.org/EAP627/ihegp/010,10,"Correspondence, Navy and Overseas Archive, 1794",112,112
https://slavesocieties.org/essss/283931,https://slavesocieties.org/EAP627/ihegp/011,11,"Letters and Notices to the King and the Secretary of State, 1798-1807",602,602
https://slavesocieties.org/essss/284534,https://slavesocieties.org/EAP627/ihegp/012,12,"Governemental Orders issued by Captaincy Governors, 1808-1821",770,770
https://slavesocieties.org/essss/286172,https://slavesocieties.org/EAP627/ihegp/013,13,"Miscellenea, 1819 a 1821",110,110
https://slavesocieties.org/essss/285305,https://slavesocieties.org/EAP627/ihegp/014,14,"Notices from the Paraíba Government to the Council, the King, the Prince, and the Secretary of State, 1821-1824",382,382
https://slavesocieties.org/essss/285987,https://slavesocieties.org/EAP627/ihegp/015,15,"Notarial Records, Notary Manoel José de Farias, 1799-1800",184,184
https://slavesocieties.org/essss/285688,https://slavesocieties.org/EAP627/ihegp/016,16,"Notarial Records: Vila Nova de Souza, 1822-1825",298,298
https://slavesocieties.org/essss/286283,https://slavesocieties.org/EAP627/ihegp/017,17,"Notarial Records: Vila Nova de Souza, 1823",252,252
https://slavesocieties.org/essss/286536,https://slavesocieties.org/EAP627/ihegp/018,18,"Notarial Records: Vila Nova de Souza, 1832",128,128
https://slavesocieties.org/essss/286593,https://slavesocieties.org/EAP627/ihegp/019,19,"Notarial Records: Vila Nova de Souza, 1833",168,168
https://slavesocieties.org/essss/286784,https://slavesocieties.org/EAP627/ihegp/020,20,Notarial Records: Vila Nova de Souza 1834,108,108
https://slavesocieties.org/essss/286665,https://slavesocieties.org/EAP627/ihegp/021,21,Notarial Records: Vila Nova de Souza 1835,118,118
https://slavesocieties.org/essss/287586,https://slavesocieties.org/EAP627/ihegp/022,22,Notarial Records: Vila Nova de Souza 1836,110,110
https://slavesocieties.org/essss/287586,https://slavesocieties.org/EAP627/ihegp/023,23,Notarial Records: Vila Nova de Souza 1836,212,110
https://slavesocieties.org/essss/287275,https://slavesocieties.org/EAP627/ihegp/024,24,"Notarial Records: City of Parahyba, 1840-1842",310,310
https://slavesocieties.org/essss/287700,https://slavesocieties.org/EAP627/ihegp/025,25,Notarial Records: Vila Nova de Souza 1820,120,120
https://slavesocieties.org/essss/287938,https://slavesocieties.org/EAP627/ihegp/026,26,Notarial Records: Vila Nova de Souza 1843,226,226
https://slavesocieties.org/essss/288165,https://slavesocieties.org/EAP627/ihegp/027,27,Notarial Records: Vila Nova de Souza 1844,202,202
https://slavesocieties.org/essss/289082,https://slavesocieties.org/EAP627/ihegp/028,28,Notarial Records: Vila Nova de Souza 1848-1849,70,70
https://slavesocieties.org/essss/288969,https://slavesocieties.org/EAP627/ihegp/029,29,Notarial Records: Vila Nova de Souza 1852,112,112
https://slavesocieties.org/essss/287821,https://slavesocieties.org/EAP627/ihegp/030,30,Notarial Records: Vila Nova de Souza 1854-1855,116,116
https://slavesocieties.org/essss/289542,https://slavesocieties.org/EAP627/ihegp/031,31,Notarial Records: Cidade de Souza 1856,120,120
https://slavesocieties.org/essss/289153,https://slavesocieties.org/EAP627/ihegp/032,32,Notarial Records: City of Paraíba 1856-1861,388,388
https://slavesocieties.org/essss/290532,https://slavesocieties.org/EAP627/ihegp/033,33,Notarial Records: City of Souza 1857,126,126
https://slavesocieties.org/essss/289754,https://slavesocieties.org/EAP627/ihegp/034,289754,"First Book, General Register of Parahyba's Ombudsman, 1816",,
https://slavesocieties.org/essss/290217,https://slavesocieties.org/EAP627/ihegp/035,35,"Criminal Process, Parish of Pombal, 1862",314,314
https://slavesocieties.org/essss/289663,https://slavesocieties.org/EAP627/ihegp/036,289663,"Municipal Court of the City of Souza, 1871",,
https://slavesocieties.org/essss/290659,https://slavesocieties.org/EAP627/ihegp/037,37,"Protocols of Hearings from the Justice of Peace, Vila do Catolé do Rocha, 1875",120,120
https://slavesocieties.org/essss/290780,https://slavesocieties.org/EAP627/ihegp/038,38,Court of the Parish of Souza 1876,134,134
https://slavesocieties.org/essss/290915,https://slavesocieties.org/EAP627/ihegp/039,290915,"Livro de Classificação, Vila de Teixeira, 1881",,
https://slavesocieties.org/essss/291361,https://slavesocieties.org/EAP627/ihegp/040,40,"Emancipadora Areiense's Honor Book, 1884",336,336
https://slavesocieties.org/essss/301429,https://slavesocieties.org/EAP627/ihegp/041,41,"Revenue Administration, Province of Paraíba",204,204
https://slavesocieties.org/essss/291208,https://slavesocieties.org/EAP627/ihegp/042,42,"Conde D’Eu Railway Company Limited, Province Parahiba 1880",38,38
https://slavesocieties.org/essss/291248,https://slavesocieties.org/EAP627/ihegp/043,291248,"E.F.T.N.C – Minutes of Railroad Inauguration, Ramal de Mulungu – 1894",,
https://slavesocieties.org/essss/297130,https://slavesocieties.org/EAP627/ihegp/044,44,"Collection of Provincial Legislation from the Province of Parahyba do Norte issued on Ordinary Session, 1838",12,12
https://slavesocieties.org/essss/297081,https://slavesocieties.org/EAP627/ihegp/045,45,"Collection of Provincial Legislation, issued on Ordinary Session, 1840",48,48
https://slavesocieties.org/essss/297143,https://slavesocieties.org/EAP627/ihegp/046,297143,"Collection of Provincial Legislation from Parahyba do Norte, 1841",,
https://slavesocieties.org/essss/297276,https://slavesocieties.org/EAP627/ihegp/047,297276,"Collection of Provincial Legislation from Parahyba do Norte, 1844",,
https://slavesocieties.org/essss/297176,https://slavesocieties.org/EAP627/ihegp/048,48,"Collection of Provincial Legislation from Parahyba do Norte, 1849",42,42
https://slavesocieties.org/essss/297219,https://slavesocieties.org/EAP627/ihegp/049,49,"Collection of Provincial Legislation from Parahyba do Norte issued on Ordinary Session, 1850",56,56
https://slavesocieties.org/essss/297479,https://slavesocieties.org/EAP627/ihegp/050,297479,"Collection of Provincial Legislation from Parahyba do Norte issued on Ordinary and Extraordinary Sessions, 1853",,
https://slavesocieties.org/essss/297416,https://slavesocieties.org/EAP627/ihegp/051,51,"Collection of Provincial Legislation from Parahyba do Norte issued on Ordinary Session, 1858",62,62
https://slavesocieties.org/essss/297329,https://slavesocieties.org/EAP627/ihegp/052,52,"Collection of Provincial Legislation from Parahyba do Norte, 1860",86,86
https://slavesocieties.org/essss/297744,https://slavesocieties.org/EAP627/ihegp/053,53,"Collection of Provincial Legislation from Parahyba do Norte, 1861",80,80
https://slavesocieties.org/essss/297516,https://slavesocieties.org/EAP627/ihegp/054,54,"Collection of Provincial Legislation from Parahyba do Norte, 1862",108,108
https://slavesocieties.org/essss/297625,https://slavesocieties.org/EAP627/ihegp/055,55,"Collection of Provincial Legislation from Parahyba do Norte, 1863",118,118
https://slavesocieties.org/essss/297954,https://slavesocieties.org/EAP627/ihegp/056,56,"Collection of Provincial Legislation from Parahyba do Norte, 1866",138,138
https://slavesocieties.org/essss/297825,https://slavesocieties.org/EAP627/ihegp/057,57,"Collection of Provincial Legislation from Parahyba do Norte, 1869",128,128
https://slavesocieties.org/essss/298093,https://slavesocieties.org/EAP627/ihegp/058,298093,"Collection of Provincial Legislation from Parahyba do Norte issued on Ordinary and Extraordinary Session, 1870",,
https://slavesocieties.org/essss/298848,https://slavesocieties.org/EAP627/ihegp/059,59,"Collection of Provincial Legislation, 1884",80,80
https://slavesocieties.org/essss/298424,https://slavesocieties.org/EAP627/ihegp/060,60,"Collection of Provincial Legislation, 1888",144,144
https://slavesocieties.org/essss/298329,https://slavesocieties.org/EAP627/ihegp/061,61,"State Constitution of the State of Parahyba, 1892",94,94
https://slavesocieties.org/essss/300898,https://slavesocieties.org/EAP627/ihegp/062,300898,Signatures of Delegates sent to the First Convention of the Conservative Republican Party of the State of Parahyba,,
https://slavesocieties.org/essss/298569,https://slavesocieties.org/EAP627/ihegp/063,63,"Minutes of the First meeting of the Conservative Republican Party of the State of Parahyba, 1911",208,208
https://slavesocieties.org/essss/300665,https://slavesocieties.org/EAP627/ihegp/064,64,"Minutes of political meetings, 1916-1917",232,232
https://slavesocieties.org/essss/301107,https://slavesocieties.org/EAP627/ihegp/065,65,"Atlas of the Empire of Brazil, 1868",112,112
https://slavesocieties.org/essss/303464,https://slavesocieties.org/EAP627/ihegp/066,303464,Brazil's Soil – General Structure of the Region – Orographic and Hydrographic System – Brazil's Climate – 1909,,
https://slavesocieties.org/essss/303808,https://slavesocieties.org/EAP627/ihegp/067,303808,Missale romanum: ex decreto Sacrosancti Concilii Tridentini Restitutum,,
https://slavesocieties.org/essss/302421,https://slavesocieties.org/EAP627/ihegp/068,68,Gradualis Romani Proprium Missarum de Sanctis (Tomus secundus and ordinário missae),560,560
https://slavesocieties.org/essss/304713,https://slavesocieties.org/EAP627/ihegp/069,69,"Colonial Documents, 1781-1783 (CDCIR A3G4P2)",56,56
https://slavesocieties.org/essss/303421,https://slavesocieties.org/EAP627/ihegp/070,70,"Colonial Documents, 1802-1819 (CDCIR A3G4P3)",42,42
https://slavesocieties.org/essss/303271,https://slavesocieties.org/EAP627/ihegp/071,71,"Colonial Documents, 1820-1821 (CDCIR A3G4P4)",12,12
https://slavesocieties.org/essss/303023,https://slavesocieties.org/EAP627/ihegp/072,303023,"Colonial Documents, 1821-1823 (CDCIR A3G4P5)",,
https://slavesocieties.org/essss/304614,https://slavesocieties.org/EAP627/ihegp/073,304614,"Colonial Documents, 1830-1845 (CDCIR A3G4P6)",,
https://slavesocieties.org/essss/304531,https://slavesocieties.org/EAP627/ihegp/074,304531,"Colonial Documents, 1844-1855 (CDCIR A3G4P7)",,
https://slavesocieties.org/essss/304770,https://slavesocieties.org/EAP627/ihegp/075,75,"Imperial Documents, 1857-1875 (CDCIR A3G4P8)",624,624
https://slavesocieties.org/essss/303284,https://slavesocieties.org/EAP627/ihegp/076,76,"Imperial Documents, 1886-1889 (CDCIR A3G4P9)",136,136
https://slavesocieties.org/essss/303197,https://slavesocieties.org/EAP627/ihegp/077,77,"Imperial Documents, 1863-1879 (CDCIR A3G4P10)",56,56
https://slavesocieties.org/essss/302982,https://slavesocieties.org/EAP627/ihegp/078,78,"Imperial Documents, 1890-1906 (CDCIR A3G4P11)",56,40
https://slavesocieties.org/essss/303254,https://slavesocieties.org/EAP627/ihegp/079,79,"Republican Documents, 1908 (CDCIR A3G4P12)",16,16
https://slavesocieties.org/essss/303631,https://slavesocieties.org/EAP627/ihegp/080,303631,"Republican Documents, 1908-1927 (CDCIR A3G4P13)",,
https://slavesocieties.org/essss/302082,https://slavesocieties.org/EAP627/ihegp/081,302082,Colonial Documents (undated) (CDCIR A3G4P14),,
https://slavesocieties.org/essss/303184,https://slavesocieties.org/EAP627/ihegp/082,303184,Colonial Documents (undated) (CDCIR A3G4P15),,
https://slavesocieties.org/essss/247917,https://slavesocieties.org/EAP627/pdnsdm/001,1,"Book 1: Baptisms, Marriages, and Deaths (1752-1808) / Livro 1 Batizados, casamengtos e óbitos anos de 1752 a 1808",288,287
https://slavesocieties.org/essss/248610,https://slavesocieties.org/EAP627/pdnsdm/002,248610,"Book of Baptisms [of the] Freguesia de Nossa Senhora dos Milagres, Cariri (1765-1771)",,
https://slavesocieties.org/essss/248821,https://slavesocieties.org/EAP627/pdnsdm/003,3,Book 3: Baptisms (1773-1787) / Livro n. 3 Batizados de 1773-1787,256,256
https://slavesocieties.org/essss/248205,https://slavesocieties.org/EAP627/pdnsdm/004,248205,"Book of Baptisms of the Freguesia de Nossa Senhora dos Milagres, Cariri de Fora (1786-1837)",,
https://slavesocieties.org/essss/249078,https://slavesocieties.org/EAP627/pdnsdm/005,249078,Book 4 of the Freguesia de Nossa Senhora dos Milagres do Cariri de Fora (1787-1793),,
https://slavesocieties.org/essss/249429,https://slavesocieties.org/EAP627/pdnsdm/006,249429,Book 8 of the Freguesia de Nossa Senhora dos Milagres do Cariri de Fora (1825-1837),,
https://slavesocieties.org/essss/250024,https://slavesocieties.org/EAP627/pdnsdm/007,7,Book 7: Baptisms (1835-1846) / Livro nº 7 Batizados 1835 - 1846,822,822
https://slavesocieties.org/essss/253645,https://slavesocieties.org/EAP627/pdnsdm/008,8,Book 8: Baptisms (1846-1853) / Livro N. 8 1846-1853 Batizados,518,518
https://slavesocieties.org/essss/254164,https://slavesocieties.org/EAP627/pdnsdm/009,9,Book 9: 1853-1858 / Livro 9 1853 - 1858,600,600
https://slavesocieties.org/essss/253232,https://slavesocieties.org/EAP627/pdnsdm/010,10,Book 10: Baptisms (1858-1862) / Livro 10 De 1858 a 1862 Batismo,412,412
https://slavesocieties.org/essss/255852,https://slavesocieties.org/EAP627/pdnsdm/011,11,Book 11 (formerly book 17) (1862-1864) / Livro 11 (ex 17) De 1862 - 1864,203,203
https://slavesocieties.org/essss/254969,https://slavesocieties.org/EAP627/pdnsdm/012,12,Book 12 (formerly book 19) (1864-1867) / Livro 12 (Ex 19) De 1864 - 1867,314,314
https://slavesocieties.org/essss/256056,https://slavesocieties.org/EAP627/pdnsdm/013,13,Book 13 (formerly book 15) (1867-1871) / Livro 13 (Ex 15) De 1867 - 1871,412,412
https://slavesocieties.org/essss/255697,https://slavesocieties.org/EAP627/pdnsdm/014,14,Book 14 (formerly book 25) (1873-1875) / Livro 14 (Ex 25) De 1873 - 1875,154,154
https://slavesocieties.org/essss/257011,https://slavesocieties.org/EAP627/pdnsdm/015,15,Book 15 (formerly book 6) (1875-1877) / Livro 15 (Ex 6) De 1875 - 1877,312,312
https://slavesocieties.org/essss/256678,https://slavesocieties.org/EAP627/pdnsdm/016,16,Book 15 (formerly book 28) (1879-1883) / Livro 16 (Ex 28) De 1879 a 1883,332,332
https://slavesocieties.org/essss/256469,https://slavesocieties.org/EAP627/pdnsdm/017,17,Book 16A (formerly book 45) (1889-1890) / Livro 16A (Ex 45) De 1889 a 1890,208,208
https://slavesocieties.org/essss/259176,https://slavesocieties.org/EAP627/pdnsdm/018,18,Book 17 (formerly book 30) (1891-1894) / Livro 17 (Ex 30) De 1891 - 1894,402,402
https://slavesocieties.org/essss/259892,https://slavesocieties.org/EAP627/pdnsdm/019,19,Book 18 (formerly book 31) (1894-1900) / Livro 18 (Ex 31) De 1894 a 1900,412,412
https://slavesocieties.org/essss/259579,https://slavesocieties.org/EAP627/pdnsdm/020,20,Book 19 (formerly book 32) (1900-1904) / Livro 19 (Ex 32) De 1900 a 1904,312,312
https://slavesocieties.org/essss/260306,https://slavesocieties.org/EAP627/pdnsdm/021,21,Book 20 (formerly book 33) (1904 to 1910) / Livro 20 (Ex 33) De 1904 a 1910,430,430
https://slavesocieties.org/essss/260950,https://slavesocieties.org/EAP627/pdnsdm/022,22,Book 21 (Formerly book 34) (1910-1912) / Livro 21 (Ex 34) De 1910 a 1912,312,312
https://slavesocieties.org/essss/260737,https://slavesocieties.org/EAP627/pdnsdm/023,23,Book 24 (formerly book 24) (1915-1916) / Livro 24 (Ex 37) De 1915 a 1916,212,212
https://slavesocieties.org/essss/261677,https://slavesocieties.org/EAP627/pdnsdm/024,24,Book 38 (formerly book 38) (1916-1917) / Livro 38 Batizado De 1916 a 1917,212,212
https://slavesocieties.org/essss/261264,https://slavesocieties.org/EAP627/pdnsdm/025,25,Book 26 (formerly book 39) (1917-1919) / Livro 26 (Ex 39) de 1917 a 1919,412,412
https://slavesocieties.org/essss/261890,https://slavesocieties.org/EAP627/pdnsdm/026,26,Book 27 (formerly book 40) (1919-1921) / Livro 27 (Ex 40) De 1919 a 1921,412,412
https://slavesocieties.org/essss/264888,https://slavesocieties.org/EAP627/pdnsdm/027,27,Book 28 (formerly book 41) (1921-1922) / Livro 28 (Ex 41) De 1921 a 1922,208,208
https://slavesocieties.org/essss/264475,https://slavesocieties.org/EAP627/pdnsdm/028,28,Book 29 (formerly book 42) (1922-1924) / Livro 29 (Ex 42) De 1922 a 1924,412,412
https://slavesocieties.org/essss/264066,https://slavesocieties.org/EAP627/pdnsdm/029,29,Book 30 (formerly book 43) (1924-1926) / Livro 30 (Ex 43) 1924-1926,408,408
https://slavesocieties.org/essss/265097,https://slavesocieties.org/EAP627/pdnsdm/030,30,Book 31 (formerly book 44) (1927-1928) / Livro 31 (Ex 44) 1927-1928,208,208
https://slavesocieties.org/essss/265705,https://slavesocieties.org/EAP627/pdnsdm/031,265705,"Book of Confirmations of the Freguesia de Nossa Senhora dos Milagres, São João do Cariri (1778-1816)",,
https://slavesocieties.org/essss/265306,https://slavesocieties.org/EAP627/pdnsdm/032,265306,"Book 2 of Marriages in the Parish of Nossa Senhora dos Milagres, Cariri de Fora (1770-1816)",,
https://slavesocieties.org/essss/266286,https://slavesocieties.org/EAP627/pdnsdm/033,266286,Book of Requests for Marriage Licenses from the Freguesia de Nossa Senhora dos Milagres de São João do Cariri (1776),,
https://slavesocieties.org/essss/265914,https://slavesocieties.org/EAP627/pdnsdm/034,34,Book of Marriages No. 16 (1870-1876) / N. 16 Casamentos de 1870 a 1876,162,162
https://slavesocieties.org/essss/266077,https://slavesocieties.org/EAP627/pdnsdm/035,35,Book 3 (formerly book 17) (1877-1885) / Livro 3 (Ex 17) De 1877 a 1885,208,208
https://slavesocieties.org/essss/266595,https://slavesocieties.org/EAP627/pdnsdm/036,266595,Book of Marriages of the Freguesia de Nossa Senhora dos Milagres - São João do Cariri (1891-1900),,
https://slavesocieties.org/essss/266834,https://slavesocieties.org/EAP627/pdnsdm/037,37,Book of Marriages (1900-1914) / Livro de Casamento 1900 - 1914,308,308
https://slavesocieties.org/essss/267143,https://slavesocieties.org/EAP627/pdnsdm/038,267143,"Book of Marriages of the Freguesia de Nossa Senhora dos Milagres, São João do Cariri (1919-1922)",,
https://slavesocieties.org/essss/267360,https://slavesocieties.org/EAP627/pdnsdm/039,267360,"Book of Marriages, Freguesia de Nossa Senhora dos Milagres, São João do Cariri (1922-1927)",,
https://slavesocieties.org/essss/268847,https://slavesocieties.org/EAP627/pdnsdm/040,268847,"Book of Deaths of the Freguesia de Nossa Senhora dos Milagres, São João do Cariri (1786-1800)",,
https://slavesocieties.org/essss/269252,https://slavesocieties.org/EAP627/pdnsdm/041,269252,Book of Deaths (1854-1876) / Livro de Óbito 1854 - 1876,,
https://slavesocieties.org/essss/268251,https://slavesocieties.org/EAP627/pdnsdm/042,42,Book 3 (formerly book 15) (1876-1909) / Livro 3 (EX 15) De 1876 a 1909,210,210
https://slavesocieties.org/essss/268462,https://slavesocieties.org/EAP627/pdnsdm/043,268462,"Book of Deaths of the Freguesia de Nossa Senhora dos Milagres, São João do Cariri (1891-1892)",,
https://slavesocieties.org/essss/271386,https://slavesocieties.org/EAP627/pdnsdm/044,271386,Book of Deaths of the Freguesia de São João do Cariri (1912-1924),,
https://slavesocieties.org/essss/271189,https://slavesocieties.org/EAP627/pdnsdm/045,45,Book 5 of Deaths (1924-1931) / Livro de Óbito N. 5 De 1924 a 1931,196,196
https://slavesocieties.org/essss/271599,https://slavesocieties.org/EAP627/pdnsdm/046,46,Book of Finances and Baptismal Certificates (1766-1776) / Livro de Finanças e Certidões de Batismo 1766-1776,180,180
https://slavesocieties.org/essss/271780,https://slavesocieties.org/EAP627/pdnsdm/047,47,Book of Church Expenses 1776 / Livro de Despesa da Igreja 1776,324,324
https://slavesocieties.org/essss/272105,https://slavesocieties.org/EAP627/pdnsdm/048,48,Book of Finances (1843) / Livro de Finanças 1843,244,244
https://slavesocieties.org/essss/272471,https://slavesocieties.org/EAP627/pdnsdm/049,272471,"Book of Finances, Freguesia de Nossa Senhora dos Milagres, São João do Cariri (1851-1861)",,
https://slavesocieties.org/essss/272692,https://slavesocieties.org/EAP627/pdnsdm/050,50,Book of Kinship Indexes (1915-1917) / Livro Índice de Filiação 1915-1917,308,308
https://slavesocieties.org/essss/272350,https://slavesocieties.org/EAP627/pdnsdm/051,51,Book of Kinship Indexes (referring to book 30) / Livro de Índice de Filiação (Índice do livro nº 30),120,120
https://slavesocieties.org/essss/273001,https://slavesocieties.org/EAP627/pdnsdm/052,273001,Book of Kinship Indexes (Index of Book 31) / Livro Índice de Filiação (Índice do livro nº 31),,
https://slavesocieties.org/essss/273249,https://slavesocieties.org/EAP627/pdnsdm/053,273249,Book of Kinship Indexes (Index of Book 32) / Livro Índice de Filiação (Índice do livro nº 32),,
https://slavesocieties.org/essss/273192,https://slavesocieties.org/EAP627/pdnsdm/054,54,Book of Kinship Indexes / Livro Índice de Filiação,56,56
https://slavesocieties.org/essss/540979,https://slavesocieties.org/EAP640/psjdm/001,1,Parroquía San Gerónimo de Montería. LIBRO DE BAUTISMO No. 2. 1808,413,413
https://slavesocieties.org/essss/541393,https://slavesocieties.org/EAP640/psjdm/002,2,Parroquía San Gerónimo de Montería. LIBRO DE BAUTISMO No. 3. 1832-1836,141,141
https://slavesocieties.org/essss/541535,https://slavesocieties.org/EAP640/psjdm/003,3,Parroquía San Gerónimo de Montería. LIBRO DE BAUTISMO No. 4. 1836-1844,231,231
https://slavesocieties.org/essss/541767,https://slavesocieties.org/EAP640/psjdm/004,4,Parroquía San Gerónimo de Montería. LIBRO DE BAUTISMO No. 5. 1844-1851,221,221
https://slavesocieties.org/essss/542219,https://slavesocieties.org/EAP640/psjdm/005,5,Parroquía San Gerónimo de Montería. LIBRO DE BAUTISMO No. 6. 1851-1858,229,229
https://slavesocieties.org/essss/542449,https://slavesocieties.org/EAP640/psjdm/006,6,Parroquía San Gerónimo de Montería. LIBRO DE BAUTISMO No. 7. 1859-1862,177,177
https://slavesocieties.org/essss/541989,https://slavesocieties.org/EAP640/psjdm/007,7,Parroquía San Gerónimo de Montería. LIBRO DE BAUTISMO No. 8. 1863-1869,231,229
https://slavesocieties.org/essss/543377,https://slavesocieties.org/EAP640/psjdm/008,543377,Parroquia San Gerónimo de Montería LIBRO DE BAUTISMO No. 9. 1870-1877,,
https://slavesocieties.org/essss/543189,https://slavesocieties.org/EAP640/psjdm/009,543189,Parroquia San Gerónimo de Montería LIBRO DE BAUTISMO No. 10. 1878-1882,,
https://slavesocieties.org/essss/542627,https://slavesocieties.org/EAP640/psjdm/010,542627,Parroquia San Geronimo de Monteria LIBRO DE BAUTISMO No. 11. 1883-1888,,
https://slavesocieties.org/essss/544066,https://slavesocieties.org/EAP640/psjdm/011,544066,Parroquia San Geronimo de Monteria LIBRO DE BAUTISMO No. 12. 1888-1890,,
https://slavesocieties.org/essss/543731,https://slavesocieties.org/EAP640/psjdm/012,543731,Parroquia San Geronimo de Monteria LIBRO DE BAUTISMOS No.13. 1890-1894,,
https://slavesocieties.org/essss/544367,https://slavesocieties.org/EAP640/psjdm/013,544367,Parroquia San Geronimo de Monteria LIBRO DE BAUTISMOS No.14. 1894-1897,,
https://slavesocieties.org/essss/544741,https://slavesocieties.org/EAP640/psjdm/014,544741,Parroquia San Geronimo de Monteria LIBRO DE BAUTISMOS No.15. 1897-1899,,
https://slavesocieties.org/essss/545159,https://slavesocieties.org/EAP640/psjdm/015,545159,Parroquia San Geronimo de Monteria LIBRO DE BAUTISMOS No.16. 1899,,
https://slavesocieties.org/essss/545373,https://slavesocieties.org/EAP640/psjdm/016,545373,Parroquia San Geronimo de Monteria LIBRO DE BAUTISMOS No.17. 1901,,
https://slavesocieties.org/essss/547689,https://slavesocieties.org/EAP640/psjdm/017,547689,Parroquia San Geronimo de Monteria LIBRO DE BAUTISMOS No.19. 1903,,
https://slavesocieties.org/essss/545701,https://slavesocieties.org/EAP640/psjdm/018,545701,Parroquia San Geronimo de Monteria LIBRO DE BAUTISMOS No. 20. 1907,,
https://slavesocieties.org/essss/547273,https://slavesocieties.org/EAP640/psjdm/019,547273,Parroquia San Geronimo de Monteria LIBRO DE BAUTISMOS No. 21.1907-1909,,
https://slavesocieties.org/essss/548717,https://slavesocieties.org/EAP640/psjdm/020,548717,Parroquia San Geronimo de Monteria LIBRO DE BAUTISMOS No. 22. 1909,,
https://slavesocieties.org/essss/549041,https://slavesocieties.org/EAP640/psjdm/021,549041,Parroquia San Geronimo de Monteria LIBRO DE BAUTISMOS No. 23. 1910,,
https://slavesocieties.org/essss/548499,https://slavesocieties.org/EAP640/psjdm/022,548499,Parroquia San Geronimo de Monteria LIBRO DE BAUTISMOS No. 24. 1911,,
https://slavesocieties.org/essss/549265,https://slavesocieties.org/EAP640/psjdm/023,549265,Parroquia San Geronimo de Monteria LIBRO DE BAUTISMOS No. 26 b.1913-1814,,
https://slavesocieties.org/essss/550727,https://slavesocieties.org/EAP640/psjdm/024,550727,Parroquia San Geronimo de Monteria LIBRO DE BAUTISMOS No. 26. 1914,,
https://slavesocieties.org/essss/549689,https://slavesocieties.org/EAP640/psjdm/025,549689,Parroquia San Geronimo de Monteria LIBRO DE BAUTISMOS No. 27.1914-1915,,
https://slavesocieties.org/essss/550317,https://slavesocieties.org/EAP640/psjdm/026,550317,Parroquia San Geronimo de Monteria LIBRO DE BAUTISMOS No. 28. 1915-1916,,
https://slavesocieties.org/essss/549885,https://slavesocieties.org/EAP640/psjdm/027,549885,Parroquia San Geronimo de Monteria LIBRO DE BAUTISMOS No. 30. 1918-1919,,
https://slavesocieties.org/essss/551283,https://slavesocieties.org/EAP640/psjdm/028,551283,Parroquia San Geronimo de Monteria LIBRO DE DEFUNCIONES No. 001. 1802-1808,,
https://slavesocieties.org/essss/551403,https://slavesocieties.org/EAP640/psjdm/029,551403,Parroquia San Geronimo de Monteria LIBRO DE DEFUNCIONES No. 002. 1808-1836,,
https://slavesocieties.org/essss/551647,https://slavesocieties.org/EAP640/psjdm/030,551647,Parroquia San Geronimo de Monteria LIBRO DE DEFUNCIONES No. 003.1836-1844.,,
https://slavesocieties.org/essss/550923,https://slavesocieties.org/EAP640/psjdm/031,550923,Parroquia San Geronimo de Monteria LIBRO DE DEFUNCIONES No. 004.1845-1855.,,
https://slavesocieties.org/essss/551123,https://slavesocieties.org/EAP640/psjdm/032,551123,Parroquia San Geronimo de Monteria LIBRO DE DEFUNCIONES No. 005.1859-1899.,,
https://slavesocieties.org/essss/552769,https://slavesocieties.org/EAP640/psjdm/033,552769,Parroquia San Geronimo de Monteria LIBRO DE DEFUNCIONES No. 006 (1).1900-1925.,,
https://slavesocieties.org/essss/552641,https://slavesocieties.org/EAP640/psjdm/034,552641,Parroquia San Geronimo de Monteria LIBRO DE DEFUNCIONES No. 006 (2).1936-1937.,,
https://slavesocieties.org/essss/552975,https://slavesocieties.org/EAP640/psjdm/035,552975,Parroquia San Geronimo de Monteria LIBRO DE DEFUNCIONES No. 007. 1926-1943.,,
https://slavesocieties.org/essss/553695,https://slavesocieties.org/EAP640/psjdm/036,553695,Parroquia San Geronimo de Monteria LIBRO DE DEFUNCIONES No. 008 (2). 1942-1948.,,
https://slavesocieties.org/essss/553155,https://slavesocieties.org/EAP640/psjdm/037,553155,Parroquia San Geronimo de Monteria LIBRO DE MATRIMONIO No. 002. 1845-1894.,,
https://slavesocieties.org/essss/553361,https://slavesocieties.org/EAP640/psjdm/038,553361,Parroquia San Geronimo de Monteria LIBRO DE MATRIMONIO No. 003. 1894-1909.,,
https://slavesocieties.org/essss/553809,https://slavesocieties.org/EAP640/psjdm/039,553809,Parroquia San Geronimo de Monteria LIBRO DE MATRIMONIO No. 004.1910-1917.,,
https://slavesocieties.org/essss/554550,https://slavesocieties.org/EAP640/psjdm/040,554550,Parroquia San Geronimo de Monteria LIBRO DE MATRIMONIO No. 005.1917-1926.,,
https://slavesocieties.org/essss/554182,https://slavesocieties.org/EAP640/psjdm/041,554182,Parroquia San Geronimo de Monteria LIBRO DE MATRIMONIO No. 006.1926 - 1934.,,
https://slavesocieties.org/essss/56975,https://slavesocieties.org/EAP255/qui/001,,,,
https://slavesocieties.org/essss/50483,https://slavesocieties.org/EAP255/qui/002,,,,
https://slavesocieties.org/essss/50809,https://slavesocieties.org/EAP255/qui/003,,,,
https://slavesocieties.org/essss/69055,https://slavesocieties.org/EAP255/qui/004,,,,
https://slavesocieties.org/essss/51145,https://slavesocieties.org/EAP255/qui/005,,,,
https://slavesocieties.org/essss/69571,https://slavesocieties.org/EAP255/qui/006,,,,
https://slavesocieties.org/essss/70306,https://slavesocieties.org/EAP255/qui/007,,,,
https://slavesocieties.org/essss/51418,https://slavesocieties.org/EAP255/qui/008,,,,
https://slavesocieties.org/essss/69834,https://slavesocieties.org/EAP255/qui/009,,,,
https://slavesocieties.org/essss/71711,https://slavesocieties.org/EAP255/qui/010,,,,
https://slavesocieties.org/essss/51904,https://slavesocieties.org/EAP255/qui/011,,,,
https://slavesocieties.org/essss/52285,https://slavesocieties.org/EAP255/qui/012,,,,
https://slavesocieties.org/essss/70462,https://slavesocieties.org/EAP255/qui/013,,,,
https://slavesocieties.org/essss/52978,https://slavesocieties.org/EAP255/qui/014,,,,
https://slavesocieties.org/essss/52579,https://slavesocieties.org/EAP255/qui/015,,,,
https://slavesocieties.org/essss/53359,https://slavesocieties.org/EAP255/qui/016,,,,
https://slavesocieties.org/essss/71342,https://slavesocieties.org/EAP255/qui/017,,,,
https://slavesocieties.org/essss/54132,https://slavesocieties.org/EAP255/qui/018,,,,
https://slavesocieties.org/essss/74691,https://slavesocieties.org/EAP255/qui/019,,,,
https://slavesocieties.org/essss/53088,https://slavesocieties.org/EAP255/qui/020,,,,
https://slavesocieties.org/essss/54694,https://slavesocieties.org/EAP255/qui/021,,,,
https://slavesocieties.org/essss/74257,https://slavesocieties.org/EAP255/qui/022,,,,
https://slavesocieties.org/essss/53828,https://slavesocieties.org/EAP255/qui/023,,,,
https://slavesocieties.org/essss/55620,https://slavesocieties.org/EAP255/qui/024,,,,
https://slavesocieties.org/essss/56017,https://slavesocieties.org/EAP255/qui/025,,,,
https://slavesocieties.org/essss/74511,https://slavesocieties.org/EAP255/qui/026,,,,
https://slavesocieties.org/essss/76917,https://slavesocieties.org/EAP255/qui/027,,,,
https://slavesocieties.org/essss/56778,https://slavesocieties.org/EAP255/qui/028,,,,
https://slavesocieties.org/essss/139467,https://slavesocieties.org/EAP255/qui/029,,,,
https://slavesocieties.org/essss/56315,https://slavesocieties.org/EAP255/qui/030,,,,
https://slavesocieties.org/essss/76617,https://slavesocieties.org/EAP255/qui/031,,,,
https://slavesocieties.org/essss/82894,https://slavesocieties.org/EAP255/qui/032,,,,
https://slavesocieties.org/essss/82478,https://slavesocieties.org/EAP255/qui/033,,,,
https://slavesocieties.org/essss/82684,https://slavesocieties.org/EAP255/qui/034,,,,
https://slavesocieties.org/essss/84717,https://slavesocieties.org/EAP255/qui/035,,,,
https://slavesocieties.org/essss/84469,https://slavesocieties.org/EAP255/qui/036,,,,
https://slavesocieties.org/essss/84113,https://slavesocieties.org/EAP255/qui/037,,,,
https://slavesocieties.org/essss/98445,https://slavesocieties.org/EAP255/qui/038,,,,
https://slavesocieties.org/essss/97333,https://slavesocieties.org/EAP255/qui/039,,,,
https://slavesocieties.org/essss/92786,https://slavesocieties.org/EAP255/qui/040,,,,
https://slavesocieties.org/essss/96936,https://slavesocieties.org/EAP255/qui/041,,,,
https://slavesocieties.org/essss/92340,https://slavesocieties.org/EAP255/qui/042,,,,
https://slavesocieties.org/essss/104033,https://slavesocieties.org/EAP255/qui/043,,,,
https://slavesocieties.org/essss/103347,https://slavesocieties.org/EAP255/qui/044,,,,
https://slavesocieties.org/essss/104378,https://slavesocieties.org/EAP255/qui/045,,,,
https://slavesocieties.org/essss/105808,https://slavesocieties.org/EAP255/qui/046,,,,
https://slavesocieties.org/essss/104888,https://slavesocieties.org/EAP255/qui/047,,,,
https://slavesocieties.org/essss/106298,https://slavesocieties.org/EAP255/qui/048,,,,
https://slavesocieties.org/essss/114722,https://slavesocieties.org/EAP255/qui/049,,,,
https://slavesocieties.org/essss/116278,https://slavesocieties.org/EAP255/qui/050,,,,
https://slavesocieties.org/essss/115648,https://slavesocieties.org/EAP255/qui/051,,,,
https://slavesocieties.org/essss/118421,https://slavesocieties.org/EAP255/qui/052,,,,
https://slavesocieties.org/essss/119100,https://slavesocieties.org/EAP255/qui/053,,,,
https://slavesocieties.org/essss/119502,https://slavesocieties.org/EAP255/qui/054,,,,
https://slavesocieties.org/essss/136299,https://slavesocieties.org/EAP255/qui/055,,,,
https://slavesocieties.org/essss/136839,https://slavesocieties.org/EAP255/qui/056,,,,
https://slavesocieties.org/essss/137186,https://slavesocieties.org/EAP255/qui/057,,,,
https://slavesocieties.org/essss/139743,https://slavesocieties.org/EAP255/qui/058,,,,
https://slavesocieties.org/essss/145029,https://slavesocieties.org/EAP255/qui/059,,,,
https://slavesocieties.org/essss/144195,https://slavesocieties.org/EAP255/qui/060,,,,
https://slavesocieties.org/essss/145393,https://slavesocieties.org/EAP255/qui/061,,,,
https://slavesocieties.org/essss/150159,https://slavesocieties.org/EAP255/qui/062,,,,
https://slavesocieties.org/essss/150725,https://slavesocieties.org/EAP255/qui/063,,,,
https://slavesocieties.org/essss/148065,https://slavesocieties.org/EAP255/qui/064,,,,
https://slavesocieties.org/essss/149503,https://slavesocieties.org/EAP255/qui/065,,,,
https://slavesocieties.org/essss/148977,https://slavesocieties.org/EAP255/qui/066,,,,
https://slavesocieties.org/essss/155088,https://slavesocieties.org/EAP255/qui/067,,,,
https://slavesocieties.org/essss/161114,https://slavesocieties.org/EAP255/qui/068,,,,
https://slavesocieties.org/essss/162346,https://slavesocieties.org/EAP255/qui/069,,,,
https://slavesocieties.org/essss/160422,https://slavesocieties.org/EAP255/qui/070,,,,
https://slavesocieties.org/essss/159644,https://slavesocieties.org/EAP255/qui/071,,,,
https://slavesocieties.org/essss/161618,https://slavesocieties.org/EAP255/qui/072,,,,
https://slavesocieties.org/essss/168461,https://slavesocieties.org/EAP255/qui/073,,,,
https://slavesocieties.org/essss/169743,https://slavesocieties.org/EAP255/qui/074,,,,
https://slavesocieties.org/essss/221865,https://slavesocieties.org/EAP255/qui/075,,,,
https://slavesocieties.org/essss/172020,https://slavesocieties.org/EAP255/qui/076,,,,
https://slavesocieties.org/essss/222836,https://slavesocieties.org/EAP255/qui/077,,,,
https://slavesocieties.org/essss/170522,https://slavesocieties.org/EAP255/qui/078,,,,
https://slavesocieties.org/essss/223728,https://slavesocieties.org/EAP255/qui/079,,,,
https://slavesocieties.org/essss/171442,https://slavesocieties.org/EAP255/qui/080,,,,
https://slavesocieties.org/essss/169275,https://slavesocieties.org/EAP255/qui/081,,,,
https://slavesocieties.org/essss/167591,https://slavesocieties.org/EAP255/qui/082,,,,
https://slavesocieties.org/essss/180789,https://slavesocieties.org/EAP255/qui/083,,,,
https://slavesocieties.org/essss/180052,https://slavesocieties.org/EAP255/qui/084,,,,
https://slavesocieties.org/essss/182050,https://slavesocieties.org/EAP255/qui/085,,,,
https://slavesocieties.org/essss/179084,https://slavesocieties.org/EAP255/qui/086,,,,
https://slavesocieties.org/essss/181514,https://slavesocieties.org/EAP255/qui/087,,,,
https://slavesocieties.org/essss/184640,https://slavesocieties.org/EAP255/qui/088,,,,
https://slavesocieties.org/essss/184912,https://slavesocieties.org/EAP255/qui/089,,,,
https://slavesocieties.org/essss/185556,https://slavesocieties.org/EAP255/qui/090,,,,
https://slavesocieties.org/essss/186888,https://slavesocieties.org/EAP255/qui/091,,,,
https://slavesocieties.org/essss/186386,https://slavesocieties.org/EAP255/qui/092,,,,
https://slavesocieties.org/essss/187550,https://slavesocieties.org/EAP255/qui/093,,,,
https://slavesocieties.org/essss/188060,https://slavesocieties.org/EAP255/qui/094,,,,
https://slavesocieties.org/essss/188760,https://slavesocieties.org/EAP255/qui/095,,,,
https://slavesocieties.org/essss/190808,https://slavesocieties.org/EAP255/qui/096,,,,
https://slavesocieties.org/essss/189432,https://slavesocieties.org/EAP255/qui/097,,,,
https://slavesocieties.org/essss/190095,https://slavesocieties.org/EAP255/qui/098,,,,
https://slavesocieties.org/essss/191562,https://slavesocieties.org/EAP255/qui/099,,,,
https://slavesocieties.org/essss/193190,https://slavesocieties.org/EAP255/qui/100,,,,
https://slavesocieties.org/essss/192506,https://slavesocieties.org/EAP255/qui/101,,,,
https://slavesocieties.org/essss/195477,https://slavesocieties.org/EAP255/qui/102,,,,
https://slavesocieties.org/essss/194094,https://slavesocieties.org/EAP255/qui/103,,,,
https://slavesocieties.org/essss/196144,https://slavesocieties.org/EAP255/qui/104,,,,
https://slavesocieties.org/essss/195569,https://slavesocieties.org/EAP255/qui/105,,,,
https://slavesocieties.org/essss/194705,https://slavesocieties.org/EAP255/qui/106,,,,
https://slavesocieties.org/essss/197004,https://slavesocieties.org/EAP255/qui/107,,,,
https://slavesocieties.org/essss/197683,https://slavesocieties.org/EAP255/qui/108,,,,
https://slavesocieties.org/essss/199596,https://slavesocieties.org/EAP255/qui/109,,,,
https://slavesocieties.org/essss/198374,https://slavesocieties.org/EAP255/qui/110,,,,
https://slavesocieties.org/essss/199054,https://slavesocieties.org/EAP255/qui/111,,,,
https://slavesocieties.org/essss/204576,https://slavesocieties.org/EAP255/qui/112,,,,
https://slavesocieties.org/essss/203934,https://slavesocieties.org/EAP255/qui/113,,,,
https://slavesocieties.org/essss/203166,https://slavesocieties.org/EAP255/qui/114,,,,
https://slavesocieties.org/essss/206043,https://slavesocieties.org/EAP255/qui/115,,,,
https://slavesocieties.org/essss/206465,https://slavesocieties.org/EAP255/qui/116,,,,
https://slavesocieties.org/essss/205052,https://slavesocieties.org/EAP255/qui/117,,,,
https://slavesocieties.org/essss/208214,https://slavesocieties.org/EAP255/qui/118,,,,
https://slavesocieties.org/essss/207730,https://slavesocieties.org/EAP255/qui/119,,,,
https://slavesocieties.org/essss/207286,https://slavesocieties.org/EAP255/qui/120,,,,
https://slavesocieties.org/essss/209531,https://slavesocieties.org/EAP255/qui/121,,,,
https://slavesocieties.org/essss/224932,https://slavesocieties.org/EAP255/qui/122,,,,
https://slavesocieties.org/essss/208776,https://slavesocieties.org/EAP255/qui/123,,,,
https://slavesocieties.org/essss/210306,https://slavesocieties.org/EAP255/qui/124,,,,
https://slavesocieties.org/essss/210476,https://slavesocieties.org/EAP255/qui/125,,,,
https://slavesocieties.org/essss/210646,https://slavesocieties.org/EAP255/qui/126,,,,
https://slavesocieties.org/essss/211609,https://slavesocieties.org/EAP255/qui/127,,,,
https://slavesocieties.org/essss/211080,https://slavesocieties.org/EAP255/qui/128,,,,
https://slavesocieties.org/essss/212328,https://slavesocieties.org/EAP255/qui/129,,,,
https://slavesocieties.org/essss/215205,https://slavesocieties.org/EAP255/qui/130,,,,
https://slavesocieties.org/essss/214581,https://slavesocieties.org/EAP255/qui/131,,,,
https://slavesocieties.org/essss/215877,https://slavesocieties.org/EAP255/qui/132,,,,
https://slavesocieties.org/essss/219905,https://slavesocieties.org/EAP255/qui/133,,,,
https://slavesocieties.org/essss/219239,https://slavesocieties.org/EAP255/qui/134,,,,
https://slavesocieties.org/essss/220625,https://slavesocieties.org/EAP255/qui/135,,,,
https://slavesocieties.org/essss/221234,https://slavesocieties.org/EAP255/qui/136,,,,
https://slavesocieties.org/essss/225290,https://slavesocieties.org/DADS/St_Aug/001,,,,
https://slavesocieties.org/essss/225512,https://slavesocieties.org/DADS/St_Aug/002,,,,
https://slavesocieties.org/essss/225924,https://slavesocieties.org/DADS/St_Aug/003,,,,
https://slavesocieties.org/essss/225679,https://slavesocieties.org/DADS/St_Aug/004,,,,
https://slavesocieties.org/essss/229086,https://slavesocieties.org/DADS/St_Aug/005,,,,
https://slavesocieties.org/essss/228690,https://slavesocieties.org/DADS/St_Aug/006,,,,
https://slavesocieties.org/essss/228236,https://slavesocieties.org/DADS/St_Aug/007,,,,
https://slavesocieties.org/essss/229474,https://slavesocieties.org/DADS/St_Aug/008,,,,
https://slavesocieties.org/essss/230309,https://slavesocieties.org/DADS/St_Aug/009,,,,
https://slavesocieties.org/essss/229942,https://slavesocieties.org/DADS/St_Aug/010,,,,
https://slavesocieties.org/essss/232315,https://slavesocieties.org/DADS/St_Aug/011,,,,
https://slavesocieties.org/essss/232715,https://slavesocieties.org/DADS/St_Aug/012,,,,
https://slavesocieties.org/essss/232160,https://slavesocieties.org/DADS/St_Aug/013,,,,
https://slavesocieties.org/essss/236065,https://slavesocieties.org/DADS/St_Aug/014,,,,
https://slavesocieties.org/essss/235536,https://slavesocieties.org/DADS/St_Aug/015,,,,
https://slavesocieties.org/essss/235626,https://slavesocieties.org/DADS/St_Aug/016,,,,
https://slavesocieties.org/essss/236210,https://slavesocieties.org/DADS/St_Aug/017,,,,
https://slavesocieties.org/essss/236593,https://slavesocieties.org/DADS/St_Aug/018,,,,
https://slavesocieties.org/essss/239031,https://slavesocieties.org/DADS/St_Aug/019,,,,
https://slavesocieties.org/essss/238694,https://slavesocieties.org/DADS/St_Aug/020,,,,
https://slavesocieties.org/essss/238876,https://slavesocieties.org/DADS/St_Aug/021,,,,
https://slavesocieties.org/essss/239288,https://slavesocieties.org/DADS/St_Aug/022,,,,
https://slavesocieties.org/essss/239450,https://slavesocieties.org/DADS/St_Aug/023,,,,
https://slavesocieties.org/essss/239746,https://slavesocieties.org/DADS/St_Aug/024,,,,
https://slavesocieties.org/essss/240495,https://slavesocieties.org/DADS/St_Aug/025,,,,
https://slavesocieties.org/essss/240141,https://slavesocieties.org/DADS/St_Aug/026,,,,
https://slavesocieties.org/essss/240971,https://slavesocieties.org/DADS/St_Aug/027,,,,
https://slavesocieties.org/essss/244871,https://slavesocieties.org/DADS/St_Aug/028,,,,
https://slavesocieties.org/essss/245657,https://slavesocieties.org/DADS/St_Aug/029,,,,
https://slavesocieties.org/essss/228154,https://slavesocieties.org/DADS/St_Aug/030,,,,
